IID,milk
41,0.00221226
42,0.00933202
43,-0.000101802
44,-0.000517842
45,0.0054478
46,-0.00693075
47,-0.00525179
48,-0.00977518
49,0.00068504
50,-0.00135118
51,0.00208092
52,0.00995729
53,-0.00186789
54,-3.85488e-06
55,-0.00520818
56,0.000158431
57,0.00371473
58,0.00171711
59,-0.000271465
60,0.00668436
61,0.0154109
62,-0.0007793
63,-0.010201
64,0.00604158
65,0.00755789
66,-0.000483528
67,0.0013171
68,-0.00240124
69,0.00517534
70,-0.00191169
71,0.00144551
72,-0.000565707
73,0.00323731
74,0.010177
75,0.00303977
76,-0.00814723
77,0.00587875
78,0.00188793
79,-0.00217639
80,-0.00481046
81,-0.00237345
82,0.0143847
83,-0.000585406
84,-0.00507761
85,-0.00371687
86,-0.00202653
87,-0.0069095
88,-0.00416717
89,0.000519283
90,0.00746525
91,0.00256974
92,-0.00582724
93,-0.00165987
94,0.00307977
95,-0.00089961
96,0.00224321
97,-0.00708834
98,0.00317479
99,0.0109903
100,-0.00149621
101,0.00282117
102,0.00081752
103,0.00499522
104,0.000527111
105,0.0120232
106,0.001306
107,0.0120839
108,0.00321025
109,-0.00725655
110,-0.00972387
111,-0.00204083
112,-0.00572753
113,0.00235765
114,-0.0143264
115,-0.00919187
116,0.0140831
117,-0.0101939
118,-0.00438282
119,0.00944124
120,-0.00122552
121,-0.00081647
122,0.00155015
123,0.000591584
124,-0.000920467
125,-0.000331439
126,-0.00325942
127,0.000170632
128,-0.00558241
129,0.00317167
130,-0.000597357
131,0.00981898
132,0.00742643
133,0.00129854
134,0.00233186
135,-0.0103672
136,-0.00415859
137,0.00411429
138,0.00886659
139,0.00668281
140,0.000848072
141,-0.00122465
142,0.0061553
143,0.013202
144,0.0065333
145,-0.00471772
146,0.00217749
147,-0.00224621
148,0.0030822
149,-0.00829627
150,7.78695e-05
151,-0.0029616
152,0.017209
153,-0.00683392
154,-0.00351543
155,-0.0114911
156,0.00750777
157,-0.00614665
158,0.0110666
159,-0.00676592
160,0.0143243
161,-0.00427737
162,-0.0155089
163,-0.00331797
164,-0.000564897
165,0.00505069
166,-0.00567216
167,0.00448268
168,0.00400989
169,0.0104466
170,0.00447131
171,-0.00611992
172,-0.0087476
173,0.00766461
174,0.00797159
175,0.00142415
176,-0.00111372
177,-0.00248296
178,0.0114383
179,-0.00120224
180,-0.00236287
181,0.00449517
182,-0.00238494
183,0.00346533
184,0.00717328
185,0.0022272
186,0.00184605
187,-0.0172054
188,-0.0129746
189,0.00161321
190,-0.0174035
191,0.00676659
192,-0.00884813
193,-0.00645762
194,-0.00239072
195,-0.00918791
196,-0.0126997
197,-0.00927536
198,0.00155108
199,-0.0133902
200,0.00764798
201,-0.00208783
202,0.0135753
203,-0.00581836
204,0.00257084
205,0.00342017
206,0.00365696
207,-0.00399195
208,-0.00124491
209,-0.00500312
210,0.0040524
211,0.0084057
212,0.00209876
213,-0.0041253
214,-0.00395324
215,-0.00894807
216,0.00637521
217,-0.00277036
218,0.000631506
219,0.0057668
220,-0.0115862
221,0.00549232
222,0.00088108
223,0.00425503
224,0.00633165
225,0.00100728
226,-0.00099638
227,0.00626383
228,0.00125318
229,0.000393807
230,-0.00101521
231,-0.00255969
232,-8.4788e-05
233,-0.000719902
234,-7.07393e-05
235,0.000541158
236,0.00128185
237,0.00219147
238,-0.0146133
239,-0.00324404
240,-0.00206628
241,-0.00170718
242,0.00861199
243,-0.00470263
244,-0.00431286
245,-0.00188174
246,-0.0084785
247,0.00643894
248,0.00226439
249,0.0125717
250,-0.0110826
251,0.00729052
252,-0.00195823
253,-0.000103994
254,-0.0067543
255,0.00174552
256,-0.00412695
257,-0.000303679
258,-0.00378322
259,0.0105152
260,0.0112405
261,-0.00683409
262,-0.00368566
263,-0.00319624
264,-0.0026111
265,-0.00735545
266,-0.0117552
267,0.00110198
268,0.00358468
269,-0.000804516
270,0.00232732
271,-0.00836151
272,-0.00294094
273,0.00263279
274,0.00184497
275,-0.0135332
276,-0.00341004
277,0.00611846
278,-0.00258797
279,0.00409518
280,0.00225723
281,-0.0164942
282,0.00333626
283,-0.00390797
284,0.00560853
285,-0.000898354
286,0.00255156
287,0.00581101
288,-0.00601776
289,-0.00222082
290,0.000244736
291,-0.00462238
292,0.00334788
293,-0.00337214
294,-0.0106898
295,-0.00720772
296,-0.000812844
297,0.00124941
298,0.00107895
299,-0.00799004
300,0.00721194
301,-0.00771707
302,0.00723153
303,-0.00171643
304,0.000918657
305,-0.0187766
306,0.00562913
307,0.000796657
308,0.00505728
309,-0.00397676
310,0.00141463
311,-0.0116093
312,0.00118926
313,0.00929822
314,0.000419656
315,0.00435798
316,-0.000317366
317,-0.00947195
318,0.000418487
319,-0.0080646
320,0.00101422
321,0.000767439
322,0.0091009
323,0.00421619
324,0.00200534
325,-0.00783248
326,-0.00836177
327,-0.00309257
328,0.00599112
329,0.00935824
330,0.0105502
331,0.0042492
332,0.00778211
333,-0.00193973
334,0.0102503
335,0.0052447
336,-0.00148607
337,0.00209658
338,0.0102983
339,0.000812413
340,-0.00644758
341,0.0010863
342,-0.000300822
343,0.00605532
344,0.00556633
345,0.00195132
346,0.0023658
347,-0.00468626
348,0.00343645
349,-0.0083852
350,0.00922434
351,0.0123243
352,-0.00128559
353,0.00624124
354,0.00926017
355,0.0047634
356,-0.00855643
357,-0.000900065
358,0.00443945
359,0.00113843
360,-0.0107911
361,0.00718289
362,-0.0012971
363,0.00664934
364,-0.0100139
365,-0.00873681
366,-0.00601773
367,-0.00635247
368,-0.00254566
369,-0.0152445
370,0.0187242
371,-0.00201019
372,-0.00285586
373,-0.0011164
374,-0.00369053
375,0.00519306
376,-0.00182761
377,-0.00684671
378,4.87593e-05
379,-0.000908363
380,0.00147312
381,-0.00725573
382,0.00401457
383,-0.00311772
384,0.00427315
385,0.00412259
386,-0.000594875
387,0.00588003
388,-0.000969504
389,-0.00508975
390,-0.00323033
391,0.000833474
392,0.00400432
393,0.00696644
394,0.00771075
395,-0.00270821
396,-0.00483732
397,-0.00389264
398,-0.00372225
399,-0.00568121
400,0.00627544
401,-0.0107594
402,0.00443291
403,-0.00237815
404,0.00977233
405,-0.000239024
406,-0.00737137
407,-0.00612235
408,0.0117567
409,0.000221428
410,-0.000269152
411,-0.00846699
412,6.00461e-05
413,-0.00138511
414,0.00881095
415,-0.00813344
416,-0.00713063
417,0.00607133
418,-0.00121351
419,0.00600363
420,0.00578071
421,0.0123713
422,-0.00318756
423,-0.00748398
424,-0.0126874
425,-0.0105836
426,0.00232161
427,0.00860807
428,0.000549864
429,0.00306208
430,0.00483637
431,-0.00936561
432,-0.00979983
433,-0.00426157
434,-0.00147828
435,0.000673438
436,0.00585208
437,-0.00431344
438,-0.00053976
439,-0.0117941
440,0.00704964
441,0.0142619
442,0.00348518
443,-0.000502871
444,-0.00451164
445,-0.00589936
446,0.00889693
447,0.00711238
448,-0.00178669
449,0.00702178
450,0.00391485
451,-0.00262756
452,0.00250086
453,-0.00391734
454,-0.00770663
455,-0.00336333
456,-0.00833573
457,-0.000322783
458,0.00963907
459,-0.0131464
460,-0.00963035
461,-0.00140076
462,0.00577035
463,0.00561364
464,-0.00243965
465,0.00781589
466,0.00553428
467,-0.0125958
468,-0.000440215
469,0.00215447
470,-0.00562248
471,-0.00259931
472,0.00235408
473,0.00997801
474,0.00938071
475,-0.00033197
476,-0.00636469
477,-0.0017442
478,0.00202593
479,-0.00389102
480,-0.00757831
481,0.00187732
482,0.000115343
483,0.00978302
484,-0.00615724
485,-0.00449406
486,0.00306539
487,-0.0044919
488,-0.000431584
489,-0.00794221
490,0.0030743
491,0.0141128
492,-0.00162177
493,0.0100546
494,7.71943e-05
495,0.0124834
496,0.00843084
497,-0.000282664
498,0.00852967
499,0.000652911
500,0.00193756
501,-0.00518928
502,0.00719787
503,0.00201867
504,0.00483442
505,-0.00209074
506,-0.000198175
507,-0.0147919
508,0.00598626
509,-0.00535205
510,-0.00124396
511,0.00357329
512,0.00738858
513,-0.00874166
514,0.00530906
515,-0.0079995
516,0.00524276
517,-0.00739145
518,0.0191231
519,0.00351079
520,0.0103476
521,-0.00468764
522,0.00271967
523,0.000107438
524,-0.00663519
525,-0.0124831
526,-0.00596447
527,-0.0106542
528,0.00206227
529,0.00224348
530,0.0092826
531,0.00180676
532,-0.0117325
533,-0.0054654
534,0.00885838
535,0.00146813
536,0.00700913
537,0.00279688
538,0.000849997
539,0.00308683
540,-0.0025372
541,-0.00899273
542,-0.0119556
543,0.00046659
544,0.0075522
545,0.00201002
546,-0.004301
547,-0.00878844
548,0.0103367
549,-0.00213249
550,0.007711
551,0.000292377
552,0.00184302
553,0.00320264
554,-0.00520296
555,-0.00390048
556,-0.0082285
557,-0.000432526
558,0.00426427
559,0.00680895
560,0.00507312
561,-0.00322342
562,-0.00227801
563,0.00203421
564,0.00161921
565,-0.00404646
566,0.00640016
567,2.37334e-05
568,0.0023455
569,-0.00231664
570,0.000362553
571,-0.00158911
572,0.00184604
573,-0.0028017
574,-0.00366233
575,-0.00496656
576,-0.000307777
577,-0.00081821
578,0.000288492
579,0.00595721
580,-0.00448807
581,0.0005179
582,-0.0108358
583,0.00274739
584,0.00470836
585,0.000968345
586,-0.00788936
587,0.00268959
588,0.0107326
589,0.00630376
590,0.00320902
591,-0.00368989
592,0.00337899
593,0.0102119
594,-9.52757e-05
595,0.00330232
596,0.00523231
597,0.00593944
598,-0.00575795
599,-0.000182478
600,0.00335734
601,-0.00203847
602,-0.00120828
603,0.00382036
604,-0.00614992
605,0.00936951
606,0.00141773
607,0.00479975
608,0.00388744
609,0.00782108
610,-0.0115884
611,0.0115441
612,0.00472281
613,0.0045174
614,0.00358542
615,-0.000362253
616,-0.000309199
617,-0.00498962
618,0.0113182
619,-0.0064497
620,-0.00798773
621,-0.00596742
622,-0.00571866
623,-0.00313861
624,0.00180364
625,0.00215253
626,-0.0113977
627,-0.0100899
628,-0.00380385
629,-0.0145992
630,0.00575328
631,-0.00744119
632,0.00531545
633,0.00367981
634,-0.00781254
635,0.00504401
636,9.43752e-05
637,-0.000884368
638,-7.23781e-05
639,-0.00787358
640,-0.00118483
641,0.00861452
642,0.000632089
643,0.00599074
644,0.00126874
645,-0.0024804
646,0.000462189
647,-0.00254333
648,0.00071808
649,-0.00437311
650,0.00850879
651,-0.00455694
652,-0.00879626
653,0.00818834
654,0.00387865
655,0.00925482
656,-0.00394778
657,-0.000845381
658,0.0052653
659,0.00430996
660,0.0033013
661,0.000475812
662,0.0139887
663,-0.00506569
664,0.00208306
665,-0.00225073
666,0.0033571
667,6.73927e-05
668,0.00727798
669,-0.00574225
670,0.010899
671,-0.000177562
672,0.00657681
673,-0.00101222
674,-0.000172916
675,0.00473471
676,0.000332967
677,-0.00129921
678,0.00756889
679,-0.00278376
680,0.00287845
681,-0.00208556
682,0.00710215
683,-0.000760807
684,0.00383521
685,0.000967664
686,-0.00566685
687,0.000814845
688,0.000129088
689,-0.0125083
690,0.00227945
691,0.00855031
692,-0.00330546
693,-0.0019403
694,0.00802471
695,-0.000738019
696,0.00989847
697,0.00144971
698,0.00143899
699,0.00757426
700,-0.00649462
701,0.00720201
702,0.00607203
703,0.000543905
704,-0.00433874
705,0.00468759
706,-0.0044327
707,0.00093906
708,0.00388839
709,0.0011067
710,-0.00232242
711,-0.0146171
712,0.0159744
713,0.00755043
714,0.000939066
715,-0.00847861
716,-0.00191338
717,-0.0109047
718,-0.00865679
719,0.00530112
720,-0.00056995
721,-0.00231145
722,-0.0059271
723,-0.00380111
724,0.00507951
725,0.00156859
726,0.00396512
727,0.0111224
728,-0.00528762
729,-0.0109212
730,-0.0051742
731,0.00227945
732,-0.00100827
733,-0.00579203
734,0.00648882
735,-0.00721485
736,0.000169618
737,0.00412506
738,-0.00211528
739,-0.00495482
740,-0.01362
741,-0.00142958
742,0.00397312
743,-0.000375779
744,-0.00875578
745,-0.00383106
746,-0.0127707
747,-0.00202305
748,-0.000423636
749,0.00273994
750,0.00920127
751,0.0179137
752,0.00332366
753,0.00138748
754,0.00128514
755,0.00520764
756,0.00879141
757,-0.00212767
758,-0.0107312
759,-0.00407076
760,0.00801187
761,0.00947513
762,-0.00168097
763,0.0124796
764,-0.00188089
765,-0.00295234
766,0.00654774
767,-0.00106216
768,0.00107161
769,-0.00442725
770,0.00673106
771,0.00565943
772,-0.00290934
773,0.00519368
774,-0.00686907
775,-0.00603588
776,-0.00280595
777,-0.00618674
778,0.00254161
779,0.0120214
780,0.00734725
781,-0.00706139
782,-0.00649472
783,0.00254334
784,-0.00961333
785,-0.00442541
786,0.0067122
787,-0.00850263
788,-0.00247693
789,-0.00411999
790,-0.00408291
791,-0.0025393
792,0.00622643
793,0.00307423
794,0.00830867
795,-0.00407666
796,0.00103795
797,-0.00341789
798,0.000738068
799,0.0048623
800,-0.0106431
801,0.000346516
802,0.00251003
803,-0.00958014
804,-0.0116325
805,0.00911265
806,0.004154
807,0.00178407
808,-0.00717256
809,0.00318512
810,-0.00122524
811,0.00483022
812,0.00131225
813,-0.00319471
814,-0.00853841
815,0.00292084
816,-0.0103069
817,0.00117284
818,0.00357953
819,-0.00919419
820,-0.00702611
821,-0.003205
822,0.00803533
823,-0.00406956
824,0.00487115
825,0.00163503
826,-0.00230964
827,0.00108961
828,0.00434976
829,0.00370913
830,0.00715714
831,0.0127933
832,0.00107811
833,0.00526691
834,0.0105685
835,-0.00624079
836,-0.0010164
837,0.00330872
838,-0.000615157
839,0.00118586
840,-0.00832881
841,-0.000589852
842,0.0116453
843,-0.0130686
844,0.000588681
845,-0.00622348
846,0.00714628
847,0.0091989
848,-0.00606981
849,-0.011217
850,-0.00383452
851,-0.00409893
852,0.00177427
853,0.00290514
854,2.37363e-05
855,-0.00848924
856,-0.00970366
857,-0.0130118
858,-0.00711504
859,0.0033599
860,0.0197623
861,-0.0124838
862,0.00250451
863,0.000651263
864,0.011401
865,-0.00473453
866,-0.00462488
867,0.000958241
868,0.00514202
869,-0.00488679
870,-0.00128759
871,3.30355e-05
872,-0.00903485
873,-0.00617306
874,-0.000199553
875,0.00776621
876,-0.00555663
877,0.00502718
878,0.0104203
879,0.00219053
880,0.00853271
881,-0.00251494
882,-0.00178995
883,-0.00714162
884,-0.0057974
885,0.00610756
886,-0.00274048
887,0.00426108
888,0.000671067
889,-0.00290172
890,-0.00543084
891,-0.00289268
892,0.00813187
893,-0.00050291
894,0.000772442
895,-0.00911466
896,-0.0028598
897,-0.010764
898,0.00250979
899,-0.00199417
900,-0.00478588
901,0.0126355
902,-0.00181967
903,-0.00611018
904,0.00225993
905,0.0126584
906,0.00471752
907,-0.00211102
908,-0.00165146
909,0.0127961
910,0.00426505
911,-0.0124883
912,-0.00118999
913,0.000762276
914,0.00237498
915,-0.00496976
916,-0.0012031
917,-0.00083869
918,0.00552346
919,-0.00260484
920,0.0117531
921,0.0043912
922,-0.00435461
923,0.00113769
924,0.00245623
925,-0.0104316
926,0.00302862
927,-0.00219118
928,0.000542856
929,3.0725e-05
930,-0.00169844
931,0.00115362
932,0.00145022
933,-0.000326841
934,0.0032353
935,0.00680619
936,-0.0192576
937,0.000139651
938,0.00134476
939,0.00854023
940,0.00495308
941,-0.00525932
942,0.000476253
943,-0.00727639
944,0.00355125
945,-0.00466326
946,-0.00579519
947,0.00419084
948,0.001253
949,-0.00547923
950,-0.00159942
951,-0.00189886
952,0.00840252
953,-0.0125116
954,-0.0031132
955,-0.00548107
956,0.00156044
957,-0.0118088
958,0.000240584
959,0.0103729
960,0.00354632
961,0.00788096
962,-0.00873443
963,0.00207297
964,-0.011315
965,-0.00726898
966,-0.00361536
967,0.0025732
968,0.00172933
969,-0.0050755
970,0.00222406
971,-0.00597527
972,0.00479397
973,0.000146047
974,-0.00446827
975,-0.00201212
976,0.00266938
977,-0.00260411
978,-0.0045859
979,0.0141438
980,-0.00701552
981,0.000242579
982,0.00256557
983,0.0048353
984,-0.00152641
985,0.0075485
986,-0.00877407
987,0.00390898
988,-0.00253927
989,-0.00873315
990,-0.00651185
991,0.00504305
992,0.00308484
993,0.000140469
994,-0.000266892
995,0.00915636
996,0.00357637
997,0.00549738
998,-0.00478256
999,0.0018536
1000,-0.00335078
1001,-0.00035087
1002,-0.00274566
1003,0.00437513
1004,0.0107778
1005,0.0052777
1006,-0.00358873
1007,-0.00455967
1008,-0.00354558
1009,-0.017882
1010,0.000653034
1011,-0.00505079
1012,-0.00543445
1013,0.000103231
1014,0.000297357
1015,0.000727743
1016,0.00594172
1017,-0.00643391
1018,0.00792518
1019,-0.000836794
1020,-0.00470211
1021,-0.0109732
1022,-8.01503e-05
1023,-0.00378901
1024,0.00321076
1025,-0.00573
1026,-0.00503306
1027,-0.000393319
1028,0.00135409
1029,-0.00778332
1030,0.00453223
1031,0.00381768
1032,-0.00346738
1033,0.000420943
1034,0.00170868
1035,-0.0130115
1036,0.0130891
1037,0.00954639
1038,0.00608374
1039,-0.00427198
1040,0.0122355
1061,-0.0109777
1062,-0.00457459
1063,-0.000780877
1064,0.00031334
1065,-0.011201
1066,0.0076572
1067,-0.0019839
1068,0.000127769
1069,0.0005228
1070,-0.00153256
1071,0.0179502
1072,-0.00088944
1073,0.00134292
1074,0.00193158
1075,-0.00222264
1076,-0.000930003
1077,-0.00183582
1078,-0.00714527
1079,-0.00596737
1080,0.00350024
1081,0.00450506
1082,0.0137801
1083,0.00111435
1084,-0.0035042
1085,0.00589088
1086,-0.00360942
1087,-0.000380241
1088,0.00636521
1089,0.01328
1090,0.00426487
1091,0.00257454
1092,-0.0110938
1093,-0.0114226
1094,-0.00285405
1095,-0.0119017
1096,0.00434668
1097,0.00284568
1098,-0.00464075
1099,-0.00510343
1100,0.00380812
1101,0.000933261
1102,-0.00164593
1103,0.00814218
1104,-0.00301613
1105,0.00136253
1106,0.00276702
1107,-0.000416055
1108,-0.00268415
1109,0.000706625
1110,-0.0104342
1111,-0.00385096
1112,-0.00377159
1113,0.00127179
1114,0.00426122
1115,0.00930094
1116,-0.000293117
1117,-0.00117027
1118,-0.00220168
1119,0.0078221
1120,-0.0031717
1121,0.00156349
1122,-0.0107842
1123,0.00419571
1124,-0.00796809
1125,0.00775691
1126,-0.00512602
1127,-0.00676744
1128,0.000817344
1129,-0.0048951
1130,0.00521221
1131,-0.00656535
1132,-0.00220597
1133,0.00698891
1134,0.00178159
1135,0.0121112
1136,-0.00747517
1137,0.00222916
1138,0.00501767
1139,-0.00278423
1140,0.00357207
1141,-0.000733941
1142,0.00394722
1143,-0.00202296
1144,0.00317018
1145,0.00040264
1146,0.00680062
1147,-0.000963591
1148,0.000591351
1149,-0.000819285
1150,-0.000146718
1151,-0.0107888
1152,-0.00539126
1153,0.00862005
1154,-0.00375935
1155,-0.000187727
1156,-0.00608659
1157,-0.00121867
1158,0.000960655
1159,0.00272535
1160,-0.00339073
1161,0.00325757
1162,-0.000704837
1163,-0.00282166
1164,-0.00714336
1165,0.00514619
1166,-0.00130922
1167,-0.000611514
1168,0.00514014
1169,0.00256772
1170,0.00150415
1171,0.000917413
1172,0.00242592
1173,0.000551185
1174,-0.0054263
1175,0.00778147
1176,0.00195676
1177,-0.0140651
1178,0.00404544
1179,0.0051097
1180,-0.00271379
1181,-0.0152975
1182,-0.00324034
1183,0.0131135
1184,0.0106098
1185,0.0108541
1186,-0.00510242
1187,0.00750685
1188,0.0066706
1189,-0.0028853
1190,-0.00453705
1191,-0.00459849
1192,-0.00127103
1193,-0.00191574
1194,-0.016862
1195,-0.00367582
1196,-0.00980343
1197,-0.000458642
1198,-0.0133858
1199,-0.0027125
1200,-0.00209691
1201,-0.00282697
1202,0.000722711
1203,0.00558687
1204,-0.00666563
1205,0.0147814
1206,0.00278354
1207,-0.0154156
1208,0.0138199
1209,-0.00502107
1210,-0.00324008
1211,0.00166473
1212,-0.00163678
1213,9.22505e-05
1214,0.00542227
1215,0.00102762
1216,0.00413646
1217,0.00275911
1218,-0.00881426
1219,-0.00256908
1220,-0.00333616
1221,-0.00162027
1222,-0.00464341
1223,0.00296573
1224,-0.00468934
1225,-0.00324735
1226,-0.00525477
1227,0.00471669
1228,0.00409161
1229,0.0149302
1230,0.00473454
1231,0.0131975
1232,0.0120797
1233,0.00489848
1234,-0.00208936
1235,-0.0033895
1236,-0.00855533
1237,0.00660957
1238,-0.00722977
1239,-0.000300037
1240,0.00398631
1241,-0.000125853
1242,-0.0071809
1243,0.000519784
1244,0.00564809
1245,0.00435517
1246,0.00501987
1247,0.0102729
1248,0.000972272
1249,0.012091
1250,-0.00436761
1251,0.00113046
1252,0.000572877
1253,-0.00695798
1254,-0.00638775
1255,-0.0154083
1256,0.00836293
1257,-0.0013034
1258,0.00712773
1259,-0.00441292
1260,0.00188258
1261,0.0110661
1262,-5.6816e-05
1263,-0.00317828
1264,-0.00229828
1265,0.00843404
1266,0.0100204
1267,0.0138373
1268,0.00722422
1269,0.00415842
1270,-0.00193077
1271,-0.000324706
1272,0.000333989
1273,0.00562152
1274,0.0110766
1275,-0.00300298
1276,-0.000611377
1277,0.00548307
1278,0.00926958
1279,0.00769797
1280,-0.00728961
1281,-0.00106096
1282,-0.00344514
1283,0.00811792
1284,0.00887883
1285,0.000476673
1286,-0.0045296
1287,0.00306742
1288,0.00659923
1289,0.00380157
1290,0.00102462
1291,0.00224064
1292,0.00499013
1293,0.00145876
1294,0.0092135
1295,0.00443794
1296,0.00258393
1297,0.00345516
1298,-0.00608743
1299,-0.00465934
1300,-0.0113152
1301,-0.00938705
1302,-0.00130658
1303,-0.00155114
1304,-0.00274086
1305,-0.0150593
1306,-0.00325684
1307,0.00205245
1308,0.00769956
1309,0.0125727
1310,0.0083595
1311,-0.00263942
1312,0.000366623
1313,-0.00631053
1314,-0.00113455
1315,0.00324775
1316,0.00611563
1317,0.0138525
1318,-0.0010087
1319,0.00303047
1320,-0.00544786
1321,0.00485349
1322,-0.00264125
1323,0.00416378
1324,0.00119956
1325,-0.000226427
1326,-0.00443492
1327,0.000468499
1328,-0.0218318
1329,0.0024761
1330,-0.00190461
1331,0.000122777
1332,0.0140017
1333,-0.00496878
1334,-0.0054699
1335,-0.00205466
1336,-0.00105743
1337,-0.00131546
1338,0.00693839
1339,0.0103608
1340,0.00380941
1341,0.00597109
1342,-0.00235782
1343,-0.00300309
1344,0.00278135
1345,0.00815862
1346,0.00276609
1347,-0.000357835
1348,-0.0024892
1349,0.00427635
1350,0.00575274
1351,-0.00332134
1352,-0.00618673
1353,0.00548935
1354,0.000556182
1355,-0.00679912
1356,0.00334545
1357,0.0110126
1358,0.00644655
1359,0.00326543
1360,-0.00441337
1361,-0.0118759
1362,0.00214619
1363,-0.00138198
1364,-0.00747805
1365,0.0046281
1366,0.00317677
1367,0.00535234
1368,-0.0045392
1369,-0.00798746
1370,-0.00178379
1371,0.00297582
1372,0.00355367
1373,0.00453583
1374,-0.000469052
1375,0.00432758
1376,0.00350902
1377,-0.00238823
1378,-0.000408024
1379,0.00336123
1380,-0.00115005
1381,0.00367085
1382,0.00541089
1383,0.0020361
1384,-0.00993768
1385,-0.00949289
1386,-0.00868385
1387,-0.00315517
1388,0.00529557
1389,-0.00442928
1390,-0.0107205
1391,-0.0073513
1392,-0.00326988
1393,0.00928118
1394,0.00278991
1395,0.0029979
1396,0.00100513
1397,-0.0077231
1398,0.0136989
1399,-0.00392932
1400,0.00749254
1401,0.00118434
1402,0.00215543
1403,0.00325775
1404,0.00107014
1405,-0.00539697
1406,0.00267764
1407,0.00818195
1408,0.00527823
1409,-0.00186657
1410,5.85969e-05
1411,-0.00318573
1412,0.00354633
1413,-0.00373919
1414,0.00486944
1415,0.00229277
1416,0.00376394
1417,0.00588736
1418,-0.00953993
1419,-0.00540128
1420,-0.0119393
1421,0.00732367
1422,0.00912472
1423,0.00405181
1424,0.000804439
1425,0.00999247
1426,0.00894299
1427,0.000583901
1428,0.0020583
1429,-0.00423046
1430,-0.00457759
1431,-0.00267029
1432,-0.0012577
1433,-0.00472914
1434,-0.00499
1435,0.00565633
1436,0.000855004
1437,-0.00303647
1438,0.000877819
1439,-0.0160421
1440,0.00598839
1441,0.00888773
1442,-0.00334274
1443,-0.0147549
1444,-0.000677328
1445,-0.0019923
1446,-7.76664e-05
1447,-0.000203074
1448,-0.00215062
1449,-0.00135194
1450,-0.00437197
1451,0.0161245
1452,-0.00600255
1453,-0.00707199
1454,-0.0031341
1455,-0.000562485
1456,0.0119224
1457,0.00716326
1458,-4.95083e-05
1459,0.00153627
1460,-0.0114218
1461,-0.0016675
1462,-0.00157282
1463,-0.0021576
1464,0.00852407
1465,-0.00359776
1466,0.00330866
1467,-0.00255653
1468,-0.00585111
1469,-0.00152259
1470,-0.00755345
1471,0.0155182
1472,-0.00230211
1473,0.00214753
1474,-0.00485595
1475,0.00109557
1476,-0.00356965
1477,0.00117607
1478,-0.00558404
1479,0.00482276
1480,0.00736378
1481,-0.00639896
1482,-0.00188598
1483,-0.00309851
1484,-0.00130098
1485,0.00338582
1486,0.000998821
1487,0.00885387
1488,0.002041
1489,-0.00364072
1490,0.0021598
1491,-0.00311853
1492,-0.00401326
1493,0.00662958
1494,-0.0099604
1495,0.00101478
1496,-0.00594292
1497,-0.00521329
1498,-0.00400953
1499,-0.014189
1500,-0.000514473
1501,-0.00337549
1502,-0.00295499
1503,-0.00947205
1504,-0.00380376
1505,-0.00228056
1506,0.003099
1507,0.00356768
1508,0.00657305
1509,0.00105336
1510,0.00296485
1511,0.0010545
1512,0.00200255
1513,0.00306049
1514,0.00619379
1515,-0.00847167
1516,-0.00389115
1517,-0.00845672
1518,-0.011211
1519,0.0084776
1520,-0.00993105
1521,-0.00855795
1522,-0.00561593
1523,0.00653809
1524,0.00217311
1525,0.00142298
1526,0.00217226
1527,-0.00229389
1528,-0.00345212
1529,0.0028849
1530,-0.000175662
1531,0.00382122
1532,0.000818752
1533,-0.00735674
1534,-0.00112196
1535,0.0100674
1536,0.0029188
1537,0.00269208
1538,0.00567363
1539,-0.00271579
1540,-0.00702945
1541,-0.00199952
1542,-0.00103062
1543,-0.00374937
1544,-0.010773
1545,-0.00168438
1546,-0.00328448
1547,0.00254855
1548,-0.00436688
1549,-0.00214242
1550,0.00633436
1551,0.00553746
1552,-0.00599265
1553,0.00498578
1554,-0.00154767
1555,-0.00599605
1556,0.000440747
1557,-0.00394067
1558,0.0015968
1559,0.0155432
1560,-0.0150905
1561,0.000943938
1562,-0.000551101
1563,0.000234961
1564,0.00329571
1565,-0.00624623
1566,-0.00222148
1567,0.0015589
1568,0.00446105
1569,-0.00503618
1570,-0.00632893
1571,0.00477752
1572,0.00402607
1573,0.00917387
1574,0.00210402
1575,-0.0137224
1576,-0.00194756
1577,3.13426e-05
1578,-0.000439047
1579,-0.00604792
1580,-0.00273134
1581,0.0106086
1582,-0.00460488
1583,-0.00238324
1584,-0.00247995
1585,0.00199172
1586,-0.000827536
1587,-0.000492884
1588,0.000792279
1589,0.0017033
1590,0.00328808
1591,-0.00296524
1592,0.00716642
1593,0.000537336
1594,-0.00448188
1595,0.00133656
1596,-0.0102967
1597,-0.00100844
1598,-0.00771756
1599,0.00270491
1600,0.00363696
1601,0.00364488
1602,0.00847878
1603,0.0119541
1604,-0.00321578
1605,-0.000414714
1606,0.00576188
1607,-0.00267692
1608,0.00275774
1609,-0.00264854
1610,0.0189588
1611,0.00199994
1612,0.00566141
1613,-0.000295303
1614,-0.00566204
1615,-0.002258
1616,0.000546648
1617,-0.00716817
1618,0.00626327
1619,0.00424323
1620,0.00779541
1621,-0.00655815
1622,-0.00270275
1623,-0.000197337
1624,-0.0097146
1625,-0.0111553
1626,0.0050399
1627,-0.0131151
1628,0.00138375
1629,0.00822989
1630,0.00857296
1631,0.0046212
1632,0.0030538
1633,0.00141709
1634,-0.0127004
1635,0.0070999
1636,0.00407346
1637,0.00612872
1638,0.00186921
1639,-0.00565957
1640,0.0032081
1641,-0.00543175
1642,0.003726
1643,-0.00108346
1644,0.00602454
1645,-0.000451824
1646,0.0138761
1647,-0.00309815
1648,-0.00473113
1649,-0.00231393
1650,0.00349919
1651,0.00517879
1652,-0.0036735
1653,0.00521992
1654,0.000931776
1655,0.00131655
1656,0.0040463
1657,0.0209454
1658,0.00319522
1659,-0.0033227
1660,0.00331578
1661,-0.00222734
1662,0.00406787
1663,-0.00194886
1664,-0.00231344
1665,-0.0050234
1666,-0.0116611
1667,0.0025118
1668,-0.00173551
1669,-0.0147933
1670,-0.00337634
1671,0.00968516
1672,-0.0034849
1673,-0.000854107
1674,0.00261338
1675,0.00529371
1676,-0.000512292
1677,0.00238834
1678,-0.0173578
1679,-0.00934169
1680,-0.00961617
1681,0.0109114
1682,-0.00691832
1683,0.011016
1684,0.00198083
1685,0.00744369
1686,0.000958475
1687,-0.00447227
1688,-0.0104927
1689,-0.00745611
1690,-0.00118816
1691,-0.00747074
1692,-0.00432711
1693,0.0104769
1694,-0.0034285
1695,0.00421927
1696,-0.00229117
1697,-0.00410626
1698,-0.00309436
1699,-0.000276065
1700,-0.0034993
1701,-0.00615791
1702,-0.00881067
1703,-0.00688866
1704,-0.00106569
1705,0.00273683
1706,0.001014
1707,0.00195066
1708,-0.00395582
1709,0.000137015
1710,0.00388548
1711,0.00867772
1712,0.0126453
1713,0.00545223
1714,-0.0127223
1715,0.00366541
1716,-0.000221546
1717,-0.000701806
1718,0.00581908
1719,-0.000370078
1720,0.00695338
1721,0.00266804
1722,0.0166403
1723,-0.00262045
1724,-0.01189
1725,0.00463129
1726,0.00482353
1727,-0.000421238
1728,0.00245392
1729,0.00959238
1730,0.00217706
1731,6.98929e-05
1732,0.00282445
1733,-0.00201914
1734,-0.0151561
1735,-0.00320792
1736,0.0184199
1737,0.00103345
1738,0.00850191
1739,-0.00511913
1740,-0.00694754
1741,0.00719346
1742,-0.000967993
1743,0.000523703
1744,-0.00847047
1745,-0.00882787
1746,0.00708098
1747,-0.000407814
1748,-0.00627673
1749,0.0122889
1750,0.00210694
1751,0.00182694
1752,0.00454798
1753,-0.00356311
1754,0.00340012
1755,-0.0105515
1756,-0.00261498
1757,-0.00183529
1758,0.0021574
1759,-0.0041925
1760,0.00318608
1761,-0.00400781
1762,-0.00496034
1763,-0.00227051
1764,-0.00502923
1765,-0.00122484
1766,-0.00647011
1767,-0.0056125
1768,-0.0024602
1769,0.010537
1770,-0.000726308
1771,-0.00571327
1772,-0.00192521
1773,0.00660035
1774,-0.0057204
1775,-0.00517526
1776,0.00786081
1777,0.00045392
1778,-0.00735137
1779,0.0044726
1780,-0.00558838
1781,4.53351e-05
1782,-0.00604512
1783,0.00344514
1784,0.00312623
1785,-0.00197224
1786,0.00535455
1787,0.011999
1788,0.00184071
1789,-0.00453784
1790,0.00242339
1791,-0.0121734
1792,0.00645076
1793,-0.00388456
1794,-0.00443326
1795,0.00614804
1796,-0.00144588
1797,0.0132402
1798,-0.0054093
1799,-0.00186662
1800,0.0015319
1801,-0.00245537
1802,0.00361092
1803,-0.000708152
1804,-6.64665e-05
1805,0.00525278
1806,0.00563332
1807,-0.000772637
1808,0.00799594
1809,-0.00308393
1810,-0.00277542
1811,-0.00481404
1812,-0.000233631
1813,0.00255813
1814,0.00119497
1815,-0.00832975
1816,-0.0108923
1817,0.000530497
1818,0.00488612
1819,0.00207847
1820,-0.00244184
1821,-0.00568996
1822,-0.00289695
1823,0.00309855
1824,-0.00580875
1825,-0.00484097
1826,0.00414917
1827,0.00821728
1828,-0.00113987
1829,0.0170453
1830,0.00493094
1831,-0.00291368
1832,-0.00596586
1833,-0.000595969
1834,0.0159829
1835,0.00661922
1836,-0.0202754
1837,-0.000529712
1838,-0.00512681
1839,-0.0113082
1840,0.00368081
1841,0.00218397
1842,-0.000233621
1843,0.00286615
1844,0.00342533
1845,0.0015822
1846,-0.00215872
1847,-0.00498773
1848,0.00240383
1849,-0.000268017
1850,0.00366645
1851,-0.00387153
1852,-0.00251656
1853,0.00304803
1854,-0.00540579
1855,-0.00850223
1856,0.00852762
1857,-0.00686131
1858,-0.00358585
1859,-0.000897957
1860,0.00190036
1861,4.74466e-05
1862,-0.000429981
1863,0.0054602
1864,0.0142869
1865,-0.0069897
1866,0.00951276
1867,0.00156593
1868,0.0108182
1869,-0.0034618
1870,0.00957898
1871,-0.00869464
1872,-0.0145082
1873,0.00318865
1874,-0.00176003
1875,0.0132591
1876,-0.0137538
1877,0.00219427
1878,0.000533155
1879,-0.00220611
1880,-0.00150721
1881,-0.000505652
1882,0.00179499
1883,-0.00386461
1884,0.0149101
1885,-0.00446893
1886,-0.00202856
1887,-0.00473573
1888,-2.01932e-05
1889,0.000746276
1890,-0.000103068
1891,0.000456544
1892,-0.00775319
1893,-0.0057141
1894,-0.00433593
1895,0.000185842
1896,-0.001826
1897,0.00809693
1898,0.00465194
1899,0.000971049
1900,-0.0162407
1901,-0.00668973
1902,0.00144561
1903,-0.00412982
1904,-0.00131299
1905,0.00220694
1906,-0.00208909
1907,0.00681574
1908,0.0077509
1909,0.000699929
1910,0.00808664
1911,0.00764244
1912,0.00118048
1913,-0.0012352
1914,-0.00680902
1915,-0.00117821
1916,0.00113045
1917,-0.000808572
1918,-0.00651885
1919,0.00966864
1920,0.0058262
1921,-0.0111431
1922,-0.016674
1923,0.00416163
1924,0.00944448
1925,-0.00946375
1926,-0.00173039
1927,-0.00101276
1928,0.00300201
1929,-0.00222762
1930,-0.00444539
1931,-0.000510505
1932,-0.00097258
1933,0.00374793
1934,-0.00943644
1935,-0.00315357
1936,0.0084402
1937,0.000474223
1938,-0.00635496
1939,0.00347302
1940,-0.00261361
1941,0.00914255
1942,-0.00275292
1943,-0.0129829
1944,-0.00197848
1945,0.00102746
1946,0.00362323
1947,-0.0133195
1948,-0.0080252
1949,-0.00370289
1950,0.0129382
1951,-0.00755916
1952,-0.00217004
1953,-0.00987153
1954,0.0108725
1955,-0.000258187
1956,0.000672492
1957,0.00933021
1958,0.000899951
1959,-0.00236039
1960,0.00293477
1961,0.0107775
1962,0.00391479
1963,0.00795511
1964,-0.00471882
1965,0.002221
1966,0.00274627
1967,0.00488613
1968,0.00539981
1969,9.90657e-05
1970,-0.00149659
1971,-0.00299407
1972,-0.0132839
1973,0.00213069
1974,-0.00836142
1975,-0.000569741
1976,0.00194993
1977,-0.000903443
1978,-0.000424448
1979,0.000222336
1980,0.00871153
1981,-0.000131034
1982,0.00372303
1983,-0.0064878
1984,0.0069227
1985,0.00164458
1986,-0.014975
1987,-0.00447436
1988,-0.00675515
1989,-0.00214976
1990,-0.0112877
1991,-0.00510198
1992,0.00685596
1993,0.0137914
1994,-0.0131579
1995,0.00356892
1996,-0.00220926
1997,0.00671074
1998,-0.00639035
1999,0.00399769
2000,-0.000290974
2001,0.00581009
2002,-0.00800412
2003,0.00195443
2004,0.00490142
2005,-0.0108558
2006,0.0053395
2007,-0.00516291
2008,0.0024496
2009,0.00829072
2010,-0.0180886
2011,-0.00590295
2012,0.0097202
2013,-0.00909972
2014,-0.00107082
2015,0.0064272
2016,0.00635575
2017,-0.00480927
2018,0.00797384
2019,-0.00519623
2020,0.00714311
2021,0.0126921
2022,0.00416581
2023,-0.00282863
2024,-9.56186e-05
2025,-0.00262536
2026,0.000704872
2027,-0.0109251
2028,-0.00210844
2029,-0.0131427
2030,-0.00321795
2031,0.0035326
2032,-0.00593448
2033,-0.00111466
2034,0.00938411
2035,-0.00877012
2036,-0.000424686
2037,-0.00409989
2038,0.00398381
2039,-0.000158121
2040,0.00613021
2041,0.00261793
2042,0.00270213
2043,-0.0123822
2044,-0.00316659
2045,-0.011306
2046,0.0034968
2047,0.0150915
2048,0.00456855
2049,-0.00331605
2050,0.00673456
2051,-0.000853408
2052,0.0113285
2053,-0.000243003
2054,-0.00393567
2055,-0.00166189
2056,-6.63265e-06
2057,0.00721139
2058,-0.0161118
2059,0.00357264
2060,-3.18549e-05
2081,0.00929652
2082,-0.00292927
2083,0.00104573
2084,-0.00851894
2085,-0.00442149
2086,0.00028643
2087,-0.000895612
2088,-0.00163378
2089,0.0108934
2090,-0.00581486
2091,0.000732773
2092,-0.00681487
2093,-0.00766808
2094,0.000847281
2095,0.00491476
2096,0.00190567
2097,-0.00683465
2098,0.00609587
2099,-0.0189159
2100,-0.00449074
2101,0.00376696
2102,-0.00940026
2103,-0.000591959
2104,0.00631998
2105,0.0031424
2106,0.000672538
2107,-0.00254895
2108,-0.00351977
2109,0.0101209
2110,0.00555664
2111,0.000141983
2112,-0.00990674
2113,0.00148313
2114,0.00936593
2115,0.00344722
2116,-0.00539351
2117,0.00492591
2118,0.00333464
2119,0.00731741
2120,-0.00670806
2121,-0.00192957
2122,-0.00776039
2123,-0.00442394
2124,0.00953724
2125,0.00378026
2126,-0.00210277
2127,0.0124588
2128,0.00161506
2129,0.000921612
2130,0.00615715
2131,0.00539651
2132,0.00195534
2133,0.0010919
2134,0.00493519
2135,-0.00807599
2136,-0.0162904
2137,0.00316478
2138,0.00185559
2139,0.000691415
2140,-0.00284101
2141,-0.0051397
2142,0.0076449
2143,-0.00729867
2144,-0.00617713
2145,-0.00737807
2146,0.00651595
2147,-0.0076634
2148,-0.000524878
2149,-0.0104211
2150,-0.00304379
2151,-0.00202567
2152,0.00794007
2153,0.00909909
2154,-0.00242562
2155,0.00429739
2156,0.00556874
2157,-0.00791664
2158,-0.00705352
2159,0.00858844
2160,-0.0116428
2161,0.00454973
2162,-0.00129601
2163,0.00532891
2164,-0.00960485
2165,-0.00131565
2166,-0.0039723
2167,0.00633355
2168,0.00369063
2169,-0.00258566
2170,-0.00502316
2171,0.00395606
2172,-0.00286138
2173,-0.00185654
2174,-0.00249671
2175,-0.000576899
2176,-0.0098609
2177,0.00903688
2178,-0.00668229
2179,0.00595672
2180,-0.00305487
2181,-0.00609922
2182,-0.0065217
2183,0.00270737
2184,0.00118783
2185,-0.00296287
2186,-0.00350891
2187,0.00140337
2188,0.00590371
2189,0.00219512
2190,-0.0119769
2191,0.0035324
2192,-0.0124967
2193,-0.00417643
2194,0.00547863
2195,-0.000291904
2196,0.000128045
2197,0.00591106
2198,-0.00669927
2199,0.00598015
2200,-0.00250939
2201,-0.00219398
2202,0.00961879
2203,-0.00474335
2204,0.00368499
2205,-0.00611748
2206,0.00282224
2207,-0.00361066
2208,0.00290027
2209,-0.0151459
2210,-0.00207359
2211,0.00479781
2212,-0.00621635
2213,0.00111887
2214,-0.000339509
2215,-0.00114225
2216,-0.00417031
2217,0.0161261
2218,-0.00294961
2219,-0.00191477
2220,0.00847728
2221,-0.00350041
2222,-0.000641004
2223,-0.0126149
2224,0.01086
2225,-0.00455929
2226,0.00787232
2227,0.00739152
2228,-0.0054185
2229,0.00573559
2230,-0.00430232
2231,-0.00522804
2232,0.0106621
2233,-0.00313652
2234,0.00510399
2235,0.00351801
2236,0.00733221
2237,-0.00550572
2238,-0.0113705
2239,-0.00886775
2240,-0.00259581
2241,0.0001027
2242,-0.00694868
2243,0.00187227
2244,0.00694072
2245,-0.00700229
2246,0.00113259
2247,-0.00208111
2248,-0.00783211
2249,0.00165279
2250,0.00710779
2251,-0.00885574
2252,-0.00699256
2253,0.00136855
2254,0.00334092
2255,0.000329838
2256,0.00737075
2257,-0.00232759
2258,-0.00377244
2259,-0.0118851
2260,0.00191806
2261,-0.00105428
2262,0.00272116
2263,-0.00767463
2264,-0.00202672
2265,-0.00149376
2266,0.00509108
2267,0.00636961
2268,0.000121555
2269,0.0066072
2270,0.00167939
2271,-0.00184573
2272,0.00157439
2273,0.00132734
2274,-0.00352842
2275,-0.00172548
2276,-0.00237743
2277,0.00557315
2278,-0.00183085
2279,-0.00314008
2280,-0.00682705
2281,0.00493614
2282,0.00888501
2283,-0.00465922
2284,-0.001806
2285,-0.00171874
2286,0.00263681
2287,0.00506636
2288,-0.00649893
2289,0.00699851
2290,-0.00289576
2291,0.00398618
2292,-0.0068763
2293,-0.00386888
2294,-0.00477919
2295,0.00109419
2296,0.00840685
2297,0.00716432
2298,0.00906417
2299,0.0108236
2300,-0.00938045
2301,0.00302311
2302,0.0127117
2303,0.000849382
2304,-0.0115694
2305,-0.013381
2306,0.000710742
2307,-0.00879757
2308,-0.000453485
2309,-0.00463699
2310,0.00762671
2311,-0.0094602
2312,0.0101447
2313,-0.00594825
2314,0.0124236
2315,-0.00711403
2316,0.0147714
2317,0.000348426
2318,-0.00321122
2319,-0.00306227
2320,-0.00849072
2321,-0.00434429
2322,0.0054316
2323,0.00468197
2324,-0.0074789
2325,-0.000634203
2326,-0.00139566
2327,0.000962125
2328,0.00198898
2329,0.00640053
2330,-0.00960443
2331,-0.0044437
2332,0.000753852
2333,-0.00776028
2334,0.00295472
2335,-0.00891952
2336,0.00373832
2337,0.0128181
2338,0.000388265
2339,0.000176379
2340,-0.00295108
2341,0.0103628
2342,0.00231146
2343,-0.00451755
2344,0.00112805
2345,0.00151909
2346,-0.00163764
2347,-0.00955779
2348,-0.00569387
2349,-0.00696559
2350,1.40852e-05
2351,0.00691277
2352,-0.000706861
2353,0.00257296
2354,-0.00459512
2355,0.000931293
2356,0.0054289
2357,-0.00292092
2358,-0.00126219
2359,-0.00541757
2360,-0.00714193
2361,-0.00291706
2362,-0.00633348
2363,0.00115734
2364,0.000504341
2365,0.00179393
2366,0.00698664
2367,0.00066552
2368,0.00316864
2369,0.00232039
2370,0.000805248
2371,-0.00287052
2372,0.00278034
2373,-0.000266716
2374,0.00313818
2375,-0.000573749
2376,-0.000160087
2377,0.00355706
2378,-0.00600051
2379,0.0138823
2380,0.00822126
2381,0.00100029
2382,0.00313509
2383,0.00620395
2384,0.0127703
2385,-0.00803839
2386,-0.00785961
2387,-0.000930581
2388,-0.0054345
2389,0.00136466
2390,0.00211045
2391,0.00298243
2392,0.00806361
2393,0.000360046
2394,-0.00114555
2395,-0.00889803
2396,-0.0105942
2397,0.00056885
2398,-0.0150356
2399,0.00642002
2400,0.00254711
2401,-0.00763234
2402,-0.00264693
2403,-0.000988709
2404,-0.00185427
2405,-0.00039089
2406,-0.00811191
2407,-0.00234106
2408,-0.00101513
2409,-0.00691827
2410,0.0122925
2411,-0.000566534
2412,0.00614572
2413,0.000447144
2414,-0.00264266
2415,0.00827348
2416,-0.00581476
2417,0.00587892
2418,-0.0101715
2419,0.0148787
2420,0.011634
2421,-0.000568008
2422,0.0142306
2423,-0.00620631
2424,0.0147664
2425,-0.00151667
2426,0.00424256
2427,-0.00575521
2428,0.0050005
2429,-0.00193853
2430,-0.00453198
2431,0.0118009
2432,-0.00146137
2433,-0.00795067
2434,-0.00266728
2435,0.00580067
2436,-0.0151536
2437,0.00605613
2438,0.000908243
2439,-0.00473174
2440,-0.0075791
2441,-0.00325766
2442,0.00604032
2443,0.0135064
2444,-0.0100182
2445,-0.000607335
2446,0.0097397
2447,0.0184316
2448,-0.00276133
2449,-0.00137011
2450,0.00822703
2451,-0.00555312
2452,0.00485359
2453,0.0134057
2454,-0.00638598
2455,-0.000830395
2456,-0.00812627
2457,-0.00856301
2458,0.0113586
2459,0.000517897
2460,0.00226657
2461,-0.00300921
2462,-0.00320529
2463,0.0134858
2464,0.00758236
2465,-0.00272204
2466,0.00650014
2467,0.00463434
2468,-0.0100234
2469,0.00076286
2470,0.00492102
2471,0.000629382
2472,-0.00244158
2473,-0.00363301
2474,-0.00617795
2475,0.00354543
2476,0.00357937
2477,0.00523102
2478,0.0014671
2479,-0.00342633
2480,0.000369131
2481,0.00844438
2482,0.0080134
2483,-0.00225195
2484,0.00363928
2485,0.00179764
2486,-0.00618994
2487,0.00103808
2488,0.00832961
2489,0.0143589
2490,-0.00845606
2491,0.00497796
2492,0.00757427
2493,0.00531164
2494,-0.00201654
2495,0.00347255
2496,-0.00162763
2497,-0.0141654
2498,0.00295513
2499,-0.00639018
2500,-0.00154951
2501,0.0102404
2502,-0.00536954
2503,-0.0037008
2504,0.00303316
2505,-0.00411057
2506,-0.00155104
2507,0.0139695
2508,-0.00683482
2509,0.00823767
2510,0.00800708
2511,-0.00357404
2512,0.00639656
2513,0.00535294
2514,-0.0113863
2515,0.00194592
2516,0.0095354
2517,-0.00407103
2518,0.00180178
2519,-0.000567897
2520,-0.00111383
2521,-0.00422505
2522,-0.00669359
2523,0.00541403
2524,-0.00403027
2525,0.0011021
2526,-0.00497612
2527,0.000367852
2528,-0.00294272
2529,0.003899
2530,-0.00274873
2531,0.00805603
2532,0.00512977
2533,0.00092897
2534,-0.0121156
2535,0.00975508
2536,-0.00597802
2537,0.00893119
2538,0.00761776
2539,0.00382565
2540,-0.00822128
2541,0.000148196
2542,-0.00674196
2543,-0.00426775
2544,-0.00699332
2545,-0.00198395
2546,-0.00631127
2547,0.0059375
2548,-0.00368121
2549,-0.00287139
2550,0.00918337
2551,0.00536145
2552,0.00149448
2553,0.00220135
2554,-0.00592253
2555,-0.00435468
2556,0.00755508
2557,0.00461038
2558,0.00124066
2559,-0.0044809
2560,-0.00943522
2561,-0.00029379
2562,0.00614279
2563,0.00028183
2564,0.00485592
2565,0.00127863
2566,0.00468298
2567,-0.00541398
2568,0.00055287
2569,-0.00650045
2570,0.000900632
2571,-0.00722556
2572,-0.00500345
2573,-0.00396538
2574,-0.00209287
2575,0.00070801
2576,0.00193764
2577,0.0133041
2578,0.0109481
2579,0.00611916
2580,0.00333874
2581,-0.0124118
2582,-0.00402561
2583,0.00503761
2584,-0.00583663
2585,-0.00790113
2586,-0.00596374
2587,0.00065311
2588,-0.00307113
2589,-0.0151666
2590,-0.00495849
2591,-0.00168188
2592,0.00234246
2593,0.00333825
2594,0.0109117
2595,0.012965
2596,-0.000592313
2597,0.00416445
2598,0.00168241
2599,0.0102193
2600,-0.00619359
2601,0.00420892
2602,0.00636901
2603,-0.00289962
2604,0.0084552
2605,-0.0107211
2606,0.0011187
2607,0.000187778
2608,0.0011762
2609,0.0030538
2610,-0.00670974
2611,0.000430786
2612,-0.000229437
2613,-0.00437439
2614,0.00241827
2615,-0.00191077
2616,0.0035159
2617,0.00483458
2618,0.00454051
2619,-0.00107585
2620,-0.00233326
2621,0.00973053
2622,-0.000850396
2623,0.00805406
2624,-0.00409437
2625,-0.00033472
2626,-0.000708134
2627,-0.00091382
2628,-0.00228759
2629,-0.000940114
2630,-0.00735835
2631,0.00775011
2632,-0.0074741
2633,0.0134974
2634,-0.00370173
2635,0.0112487
2636,-0.000446881
2637,-8.26695e-05
2638,0.000614171
2639,0.000738546
2640,-0.00738834
2641,-0.00154313
2642,-0.00548793
2643,-0.0043974
2644,0.000545729
2645,-0.00278245
2646,0.000697992
2647,-0.00391693
2648,0.000931056
2649,-0.00634472
2650,-0.00237321
2651,0.00296168
2652,-0.00308803
2653,-0.00191236
2654,0.00437929
2655,-0.00785432
2656,0.000875753
2657,0.000476217
2658,0.00573876
2659,0.00315458
2660,3.76365e-05
2661,-0.00738838
2662,-0.000457595
2663,-8.68296e-05
2664,-0.00297707
2665,-0.000479711
2666,0.00127223
2667,-0.00547743
2668,0.000494501
2669,-0.0118746
2670,-0.00336537
2671,0.004414
2672,-0.00895795
2673,0.00760699
2674,-0.0045868
2675,-0.00433381
2676,-0.00452635
2677,0.00828456
2678,0.00707356
2679,0.00264394
2680,0.0143506
2681,0.00892612
2682,-0.00182252
2683,0.0067162
2684,0.000181111
2685,-0.00627912
2686,0.00130461
2687,0.00621495
2688,-0.00411452
2689,0.00510195
2690,0.00186303
2691,0.0133649
2692,-0.00478179
2693,0.00181747
2694,-0.00669611
2695,-0.00370886
2696,-0.0110704
2697,-0.00636688
2698,0.00621522
2699,-0.014869
2700,0.00535083
2701,0.00696152
2702,0.0026821
2703,0.000666926
2704,-0.00293716
2705,-0.000630986
2706,0.00736956
2707,-0.0053475
2708,-0.00702011
2709,-0.00743175
2710,-0.00888588
2711,-0.00024085
2712,0.0153036
2713,0.00536844
2714,0.0151244
2715,0.0012199
2716,0.00270086
2717,0.00231112
2718,0.00210173
2719,-0.00482084
2720,0.00794454
2721,-0.00447623
2722,0.00233054
2723,-0.00869476
2724,0.0121193
2725,-0.00210444
2726,-0.000812399
2727,0.00106272
2728,0.000597299
2729,-0.00636455
2730,-0.00145845
2731,-0.012656
2732,-0.00684085
2733,-0.000439451
2734,0.0108863
2735,0.00180014
2736,0.00265414
2737,0.000670862
2738,-0.00201256
2739,-0.00523751
2740,0.00145806
2741,0.00247203
2742,-0.00393176
2743,-0.000570202
2744,-0.00844543
2745,-0.00108424
2746,0.00773592
2747,0.00214201
2748,-0.00636624
2749,-0.000490794
2750,-0.00787754
2751,0.0038682
2752,-0.00231324
2753,-0.0128271
2754,-0.00399233
2755,0.00028778
2756,0.000491823
2757,-0.000615663
2758,-0.00291359
2759,-0.00212274
2760,0.00181537
2761,-0.0024268
2762,0.00496606
2763,-0.00370099
2764,0.00639349
2765,0.000836057
2766,-0.00218124
2767,-0.00227191
2768,0.00506048
2769,0.00422143
2770,0.000916324
2771,-0.000150964
2772,-0.0024402
2773,0.00246221
2774,0.00563666
2775,0.00931181
2776,-0.00245632
2777,-0.00517077
2778,0.00550782
2779,-0.00570754
2780,-0.0123268
2781,-0.00661716
2782,-0.00631171
2783,-0.00453293
2784,-0.00772401
2785,0.0101604
2786,0.00892083
2787,-0.00627532
2788,0.000884393
2789,-0.00433136
2790,0.00320593
2791,-0.00608471
2792,-0.00675698
2793,0.00380036
2794,0.00935072
2795,-0.00369865
2796,0.00504386
2797,-0.00100424
2798,-0.00891083
2799,0.00809449
2800,0.00169984
2801,0.0119094
2802,-0.000706802
2803,-0.00458921
2804,-0.00558878
2805,0.00470043
2806,0.00444736
2807,0.00876451
2808,-0.0044459
2809,-0.0011445
2810,0.00929101
2811,-0.00588856
2812,0.00509092
2813,0.00521707
2814,0.00192601
2815,-0.000291485
2816,-0.00893775
2817,0.00310111
2818,-0.000361159
2819,-0.00472398
2820,0.00564625
2821,-0.00172318
2822,-0.00132925
2823,-0.00152595
2824,-0.0149275
2825,-0.0133304
2826,0.0052208
2827,0.00357655
2828,-0.0112201
2829,-0.00757497
2830,0.00277319
2831,-0.000581791
2832,0.00826073
2833,-0.00199879
2834,0.00620617
2835,-0.00283064
2836,-0.00955192
2837,-0.00823941
2838,0.00329535
2839,0.00699239
2840,0.00568712
2841,0.00348326
2842,0.0082694
2843,0.00789597
2844,0.0070474
2845,0.00327468
2846,0.00662078
2847,-0.00645776
2848,-0.000985864
2849,-0.00527631
2850,0.0085526
2851,7.19484e-05
2852,0.00508703
2853,0.000104239
2854,-8.47497e-05
2855,-0.0113234
2856,-0.00395868
2857,0.00318916
2858,-0.00454779
2859,-0.00649763
2860,-0.000649703
2861,-0.000779121
2862,0.00196047
2863,0.00531765
2864,0.00965478
2865,-0.00831619
2866,0.000496324
2867,0.00140568
2868,-0.0107326
2869,-0.00949687
2870,-0.0028807
2871,-0.000357407
2872,0.00586785
2873,-0.0110723
2874,0.00539572
2875,-0.00112712
2876,0.00598725
2877,-0.00726366
2878,0.00366909
2879,0.00249611
2880,0.000601893
2881,-0.0119845
2882,-0.00413533
2883,0.00217645
2884,-0.0001451
2885,-0.00327766
2886,0.000970628
2887,0.0112442
2888,0.00203051
2889,0.00597359
2890,0.00659361
2891,-0.0133109
2892,0.0104105
2893,0.0122698
2894,-0.00395869
2895,0.00691386
2896,-0.00614647
2897,0.00443406
2898,-0.00258712
2899,-0.00483352
2900,-0.00216914
2901,0.00125309
2902,-0.000108143
2903,0.0168802
2904,-0.00374975
2905,0.00343157
2906,0.00685354
2907,-0.00324034
2908,0.0123027
2909,-0.00630661
2910,-0.000283198
2911,-0.00419759
2912,0.0143253
2913,-0.00297173
2914,0.00114617
2915,-0.00591443
2916,-0.00818168
2917,0.00549771
2918,0.00437391
2919,-0.00810413
2920,-0.00774005
2921,0.00335842
2922,-0.00246496
2923,0.00864286
2924,0.00197564
2925,0.00244517
2926,-0.00212275
2927,0.00465938
2928,-0.00459445
2929,-0.0008024
2930,-0.00657956
2931,-0.00372949
2932,-0.00221286
2933,0.0038937
2934,0.0015309
2935,-0.00675438
2936,0.00601991
2937,-0.00332513
2938,0.00116136
2939,-0.00900036
2940,0.00392003
2941,-0.00269022
2942,-6.8955e-05
2943,-0.00170131
2944,0.00340487
2945,0.00641469
2946,0.00314202
2947,0.00531194
2948,0.00404006
2949,-0.00616434
2950,0.00648056
2951,0.00736204
2952,-0.00242935
2953,0.0074527
2954,0.00445781
2955,-0.00394975
2956,0.00677744
2957,-0.00100199
2958,-0.0106426
2959,0.00771363
2960,0.00848754
2961,0.00497798
2962,-0.0183447
2963,0.00489339
2964,0.00570617
2965,-0.000874141
2966,-0.00371577
2967,-0.0061429
2968,-0.00250568
2969,-0.000763996
2970,0.00216723
2971,0.0084357
2972,-0.012857
2973,0.00811369
2974,-0.00253383
2975,0.00445272
2976,-0.00459928
2977,-0.00192137
2978,0.00587399
2979,-0.00467236
2980,0.00331514
2981,0.000804758
2982,-0.00250493
2983,0.00608684
2984,-0.00151556
2985,-0.00878166
2986,-0.00123328
2987,-0.00280016
2988,0.0125416
2989,-0.0131681
2990,-0.0044056
2991,0.0105512
2992,-0.00378618
2993,0.00526827
2994,0.00989576
2995,0.0033121
2996,0.00292577
2997,0.00639209
2998,0.00788829
2999,-0.00184175
3000,-0.00113824
3001,0.00459792
3002,-0.0148231
3003,0.00156706
3004,-0.00238405
3005,-0.000982304
3006,-0.00329314
3007,-0.000203808
3008,-0.000490519
3009,0.00152737
3010,-0.00470876
3011,-0.00719104
3012,0.0132965
3013,0.00392892
3014,-0.00133357
3015,-0.00512038
3016,0.0030142
3017,0.00451655
3018,-0.00148549
3019,-0.009119
3020,0.00646716
3021,0.000568955
3022,-0.000284088
3023,-0.00113852
3024,-0.000455666
3025,0.0072232
3026,0.00226886
3027,-0.00240552
3028,0.00576355
3029,-0.0117482
3030,0.000298308
3031,-0.00725845
3032,0.00538602
3033,0.00577459
3034,0.00123956
3035,-0.0117585
3036,-0.00470479
3037,-0.000544682
3038,-0.000969441
3039,-0.00096107
3040,-0.0111849
3041,-0.00136164
3042,-0.00295544
3043,0.000347606
3044,-0.00333657
3045,-0.00181389
3046,-5.06299e-06
3047,-0.00512651
3048,0.00250626
3049,-0.00628923
3050,0.00257569
3051,0.0153886
3052,-0.013734
3053,0.00429541
3054,-0.00352495
3055,-0.00128625
3056,0.000689521
3057,-0.00275769
3058,0.00950581
3059,-0.0103859
3060,0.00601067
3061,-0.00708845
3062,-0.00331052
3063,0.00245625
3064,-0.000770203
3065,0.00331695
3066,-0.00787499
3067,-0.00288041
3068,-0.0109177
3069,0.0033141
3070,-0.00929948
3071,0.0103181
3072,-0.00867418
3073,-0.00763864
3074,-0.00193799
3075,0.00527712
3076,0.00114416
3077,0.0104729
3078,0.00670665
3079,0.00437695
3080,1.29454e-05
